<?xml version="1.0" encoding="utf-8" ?>
<SampleMetadata>
	<ID>81F6F006-CD5D-4F5D-B609-F78BCF42C6F7</ID>
	<IsFullApplication>false</IsFullApplication>
	<Level>Beginner</Level>
	<Tags>User Interface, Xamarin.Forms</Tags>
	<SupportedPlatforms>iOS, Android, Windows</SupportedPlatforms>
	<LicenseRequirement>Indie</LicenseRequirement>
	<Gallery>true</Gallery>
	<Brief>This sample demonstrates how to use the SwipeGestureRecognizer class to recognize a swipe gesture.</Brief>
</SampleMetadata>
